Agent,Time,Method,Resource,Version,Status
Mozilla/5.0 (Macintosh; Intel Mac OS X 10_13_4) AppleWebKit/537.36 (KHTML like Gecko) Chrome/65.0.3325.181 Safari/537.36,2018-04-15T21:37:56.710Z,GET,/,HTTP/1.1,200
Mozilla/5.0 (Macintosh; Intel Mac OS X 10_13_4) AppleWebKit/537.36 (KHTML like Gecko) Chrome/65.0.3325.181 Safari/537.36,2018-04-15T21:38:00.925Z,GET,/logs,HTTP/1.1,200
node-superagent/2.3.0,2018-04-15T21:38:12.564Z,GET,/,HTTP/1.1,200
node-superagent/2.3.0,2018-04-15T21:38:12.582Z,GET,/,HTTP/1.1,200
node-superagent/2.3.0,2018-04-15T21:38:12.586Z,GET,/,HTTP/1.1,200
node-superagent/2.3.0,2018-04-15T21:38:12.591Z,GET,/,HTTP/1.1,200
node-superagent/2.3.0,2018-04-15T21:38:12.593Z,GET,/,HTTP/1.1,200
node-superagent/2.3.0,2018-04-15T21:38:12.595Z,GET,/,HTTP/1.1,200
node-superagent/2.3.0,2018-04-15T21:38:12.597Z,GET,/,HTTP/1.1,200
node-superagent/2.3.0,2018-04-15T21:38:12.599Z,GET,/,HTTP/1.1,200
node-superagent/2.3.0,2018-04-15T21:38:12.601Z,GET,/logs,HTTP/1.1,200
node-superagent/2.3.0,2018-04-15T21:38:12.605Z,GET,/logs,HTTP/1.1,200
node-superagent/2.3.0,2018-04-15T21:40:51.922Z,GET,/,HTTP/1.1,200
node-superagent/2.3.0,2018-04-15T21:40:51.934Z,GET,/,HTTP/1.1,200
node-superagent/2.3.0,2018-04-15T21:40:51.938Z,GET,/,HTTP/1.1,200
node-superagent/2.3.0,2018-04-15T21:40:51.942Z,GET,/,HTTP/1.1,200
node-superagent/2.3.0,2018-04-15T21:40:51.943Z,GET,/,HTTP/1.1,200
node-superagent/2.3.0,2018-04-15T21:40:51.945Z,GET,/,HTTP/1.1,200
node-superagent/2.3.0,2018-04-15T21:40:51.947Z,GET,/,HTTP/1.1,200
node-superagent/2.3.0,2018-04-15T21:40:51.949Z,GET,/,HTTP/1.1,200
node-superagent/2.3.0,2018-04-15T21:40:51.951Z,GET,/logs,HTTP/1.1,200
node-superagent/2.3.0,2018-04-15T21:40:51.954Z,GET,/logs,HTTP/1.1,200
node-superagent/2.3.0,2018-04-15T21:41:48.624Z,GET,/,HTTP/1.1,200
node-superagent/2.3.0,2018-04-15T21:41:48.635Z,GET,/,HTTP/1.1,200
node-superagent/2.3.0,2018-04-15T21:41:48.639Z,GET,/,HTTP/1.1,200
node-superagent/2.3.0,2018-04-15T21:41:48.643Z,GET,/,HTTP/1.1,200
node-superagent/2.3.0,2018-04-15T21:41:48.645Z,GET,/,HTTP/1.1,200
node-superagent/2.3.0,2018-04-15T21:41:48.647Z,GET,/,HTTP/1.1,200
node-superagent/2.3.0,2018-04-15T21:41:48.649Z,GET,/,HTTP/1.1,200
node-superagent/2.3.0,2018-04-15T21:41:48.651Z,GET,/,HTTP/1.1,200
node-superagent/2.3.0,2018-04-15T21:41:48.654Z,GET,/logs,HTTP/1.1,200
node-superagent/2.3.0,2018-04-15T21:41:48.657Z,GET,/logs,HTTP/1.1,200
